[
	{
		"FirstName": "Kennan",
		"LastName": "Galloway",
		"Mobile": "(216) 193-0921",
		"Email": "purus.sapien.gravida@sollicitudina.ca"
	},
	{
		"FirstName": "Clare",
		"LastName": "Fry",
		"Mobile": "(700) 261-3795",
		"Email": "Fusce.mi.lorem@erategettincidunt.net"
	},
	{
		"FirstName": "Brock",
		"LastName": "Mcmahon",
		"Mobile": "(607) 162-5858",
		"Email": "Aliquam.gravida.mauris@dignissimpharetraNam.org"
	},
	{
		"FirstName": "Camilla",
		"LastName": "Mckenzie",
		"Mobile": "(915) 426-3757",
		"Email": "penatibus.et.magnis@erosnectellus.co.uk"
	},
	{
		"FirstName": "Ginger",
		"LastName": "Harmon",
		"Mobile": "(944) 350-1451",
		"Email": "sit.amet@penatibus.ca"
	},
	{
		"FirstName": "Maisie",
		"LastName": "Roy",
		"Mobile": "(684) 196-4636",
		"Email": "id.ante.dictum@condimentum.ca"
	},
	{
		"FirstName": "Quail",
		"LastName": "Dunlap",
		"Mobile": "(138) 636-2126",
		"Email": "vulputate@tempus.com"
	},
	{
		"FirstName": "Victor",
		"LastName": "Merrill",
		"Mobile": "(874) 715-0845",
		"Email": "natoque.penatibus.et@vel.org"
	},
	{
		"FirstName": "Chase",
		"LastName": "Kramer",
		"Mobile": "(238) 205-4790",
		"Email": "sem@Duis.co.uk"
	},
	{
		"FirstName": "Melodie",
		"LastName": "Graham",
		"Mobile": "(674) 126-4497",
		"Email": "augue@Nunclaoreetlectus.ca"
	}
]